{
    "computed_rotation": [
        0.6648230670304232,
        0.2634559331130382,
        -0.20475625260508748,
        -0.668338340865554
    ],
    "true_rotation": [
        0.6648230670304232,
        0.2634559331130384,
        -0.2047562526050874,
        -0.668338340865554
    ],
    "error": 3.6821932062951477e-16,
    "tol": 0.0001,
    "passed": true,
    "test_type": "complementary_filter_update"
}