{
    "computed_rotation": [
        -0.05603047520209577,
        -0.6592385982924205,
        -0.3330662695897326,
        -0.6718124116385852
    ],
    "true_rotation": [
        -0.05603047520209577,
        -0.6592385982924205,
        -0.3330662695897326,
        -0.6718124116385852
    ],
    "error": 0.0,
    "tol": 0.0001,
    "passed": true,
    "test_type": "complementary_filter_update"
}