{
    "computed_rotation": [
        0.6323598891596653,
        0.702752693014808,
        -0.3195382527848844,
        0.06445873136817078
    ],
    "true_rotation": [
        0.6323598891596653,
        0.702752693014808,
        -0.3195382527848844,
        0.06445873136817076
    ],
    "error": 3.1798006553922514e-17,
    "tol": 0.0001,
    "passed": true,
    "test_type": "complementary_filter_update"
}