{
    "computed_rotation": [
        -0.08652688291233408,
        -0.23466236808500973,
        0.9671190747074022,
        -0.04612338750903602
    ],
    "true_rotation": [
        -0.08652688291233401,
        -0.23466236808500984,
        0.9671190747074023,
        -0.046123387509035996
    ],
    "error": 2.4992663878515757e-16,
    "tol": 0.0001,
    "passed": true,
    "test_type": "complementary_filter_update"
}